﻿pos_x,pos_y,rotation,side,designator,mpn,pack,footprint,value,mount_type
111.0,-34.0,0.0,top,BZ1,,,Buzzer_TDK_PS1240P02BT_D12.2mm_H6.5mm,Buzzer,tht
107.0,-65.0,0.0,top,C1,,,C_Disc_D5.0mm_W2.5mm_P5.00mm,100nf,tht
141.69,-137.15,0.0,top,C10,,,C_Disc_D5.0mm_W2.5mm_P5.00mm,100nf,tht
163.19,-83.15,0.0,top,C11,,,C_Disc_D5.0mm_W2.5mm_P5.00mm,100nf,tht
104.5,-182.9,90.0,top,C13,,,C_Disc_D5.0mm_W2.5mm_P5.00mm,100nf,tht
125.5,-170.9,0.0,top,C14,,,C_Disc_D5.0mm_W2.5mm_P5.00mm,1uF,tht
112.5,-170.9,0.0,top,C15,,,C_Disc_D5.0mm_W2.5mm_P5.00mm,1uF,tht
142.8438,-158.1338,0.0,top,C16,,,C_Disc_D5.0mm_W2.5mm_P5.00mm,1uF,tht
142.8438,-165.2338,0.0,top,C17,,,C_Disc_D5.0mm_W2.5mm_P5.00mm,1uF,tht
157.5,-169.0,0.0,top,C18,,,C_Disc_D5.0mm_W2.5mm_P2.50mm,20pf,tht
100.4,-101.9,0.0,top,C2,,,C_Disc_D5.0mm_W2.5mm_P5.00mm,100nf,tht
142.19,-83.65,0.0,top,C20,,,C_Disc_D4.7mm_W2.5mm_P5.00mm,100nf,tht
69.26,-91.46,0.0,top,C3,,,C_Disc_D5.0mm_W2.5mm_P5.00mm,100nf,tht
33.0,-92.0,0.0,top,C4,,,C_Disc_D5.0mm_W2.5mm_P5.00mm,100nf,tht
40.5,-72.0,90.0,top,C5,,,C_Disc_D5.0mm_W2.5mm_P5.00mm,100nf,tht
170.42,-155.62,90.0,top,C6,,,C_Disc_D5.0mm_W2.5mm_P5.00mm,100nf,tht
54.0,-167.9,0.0,top,C7,,,CP_Radial_D6.3mm_P2.50mm,100uF,tht
84.6,-154.6,-90.0,top,C8,,,C_Disc_D5.0mm_W2.5mm_P5.00mm,100nf,tht
163.19,-138.15,0.0,top,C9,,,C_Disc_D5.0mm_W2.5mm_P5.00mm,100nf,tht
24.42,-85.0,0.0,top,D1,,,D_DO-41_SOD81_P10.16mm_Horizontal,SB140,tht
206.58,-138.36,180.0,top,D2,,,D_DO-41_SOD81_P10.16mm_Horizontal,SB140,tht
133.8438,-161.7138,90.0,top,D3,,,D_DO-41_SOD81_P10.16mm_Horizontal,SB140,tht
97.96,-86.5,0.0,top,D4,,,LED_D5.0mm,LED,tht
202.5,-68.78,90.0,top,D6,,,D_DO-41_SOD81_P10.16mm_Horizontal,SB140,tht
89.74,-51.0,180.0,top,DS1,,,WC1602A,WC1602A,tht
17.56,-161.8,0.0,top,FB1,,,LairdTech_28C0236-0JW-10,FerriteBead,tht
24.5425,-179.0,90.0,top,J1,,,BarrelJack_Horizontal,Barrel_Jack_MountingPin,tht
215.5743,-65.2,-90.0,top,J2,,None,TE_6-5530843-5,6-5530843-5,tht
187.4257,-65.16,90.0,top,J3,,None,TE_6-5530843-5,6-5530843-5,tht
79.145,-180.0897,0.0,top,J4,,,DSUB-9_Socket_Horizontal_P2.77x2.84mm_EdgePinOffset7.70mm_Housed_MountingHolesOffset9.12mm,DE9_Socket,tht
118.38,-53.5,0.0,top,R1,,,R_Axial_DIN0207_L6.3mm_D2.5mm_P15.24mm_Horizontal,1k,tht
92.76,-109.08,90.0,top,R2,,,R_Axial_DIN0207_L6.3mm_D2.5mm_P15.24mm_Horizontal,3.3k,tht
126.0,-41.12,90.0,top,R3,,,R_Axial_DIN0207_L6.3mm_D2.5mm_P15.24mm_Horizontal,500,tht
138.84,-177.0,0.0,top,R4,,,R_Axial_DIN0309_L9.0mm_D3.2mm_P20.32mm_Horizontal,1M,tht
92.76,-133.08,90.0,top,R5,,,R_Axial_DIN0207_L6.3mm_D2.5mm_P15.24mm_Horizontal,3.3k,tht
81.42,-86.4,0.0,top,R6,,,R_Axial_DIN0207_L6.3mm_D2.5mm_P10.16mm_Horizontal,250,tht
24.5,-75.05,90.0,top,RV1,,,Potentiometer_Alps_RK09K_Single_Vertical,R_Potentiometer,tht
106.0,-74.5,0.0,top,SW1,,,SW_PUSH_6mm_H5mm,RESET,tht
41.96,-184.1,-90.0,top,SW2,,,2MS6T1B3M2QES,Power Switch,tht
110.76,-88.9,0.0,top,U1,,,DIP-40_W15.24mm_Socket_LongPads,W65C02SxP,tht
112.72,-183.9,90.0,top,U10,,,DIP-16_W7.62mm_Socket_LongPads,MAX232,tht
140.88,-91.42,0.0,top,U11,,,DIP-14_W7.62mm_Socket_LongPads,74LS00,tht
27.76,-98.1,0.0,top,U2,,,DIP-28_W15.24mm_Socket_LongPads,KM62256CLP,tht
62.26,-109.64,0.0,top,U3,,,DIP_Socket-28_W11.9_W12.7_W15.24_W17.78_W18.5_3M_228-1277-00-0602J,28C256,tht
96.74,-61.76,-90.0,top,U4,,,DIP-40_W15.24mm_Socket_LongPads,W65C22NxP,tht
161.38,-113.76,0.0,top,U5,,,DIP-16_W7.62mm_Socket_LongPads,74LS139,tht
140.5,-114.26,0.0,top,U6,,,DIP-14_W7.62mm_Socket_LongPads,74LS21,tht
177.36,-160.86,90.0,top,U7,,,DIP-40_W15.24mm_Socket_LongPads,W65C22NxP,tht
90.6838,-164.6338,90.0,top,U8,,,DIP-28_W15.24mm_Socket_LongPads,W65C51NxP,tht
161.38,-90.26,0.0,top,U9,,,DIP-16_W7.62mm_Socket_LongPads,74LS138,tht
126.26,-70.62,0.0,top,Y1,,,Oscillator_DIP-14,1Mhz,tht
158.8438,-159.6338,90.0,top,Y2,,,Crystal_HC18-U_Vertical,1.8432Mhz,tht
