﻿Designator,Quantity,Value,Footprint,Package,MPN,DNP,Mount_Type,Description,Sim.Pins,Comment,MF,Description_1,Price,Check_prices,SnapEDA_Link,MP,EU_RoHS_Compliance,Availability,MANUFACTURER
BZ1,1,Buzzer,Buzzer_TDK_PS1240P02BT_D12.2mm_H6.5mm,,,,tht,"Buzzer, polarized",,,,,,,,,,,
"C1, C10, C11, C13, C2, C3, C4, C5, C6, C8, C9",11,100nf,C_Disc_D5.0mm_W2.5mm_P5.00mm,,,,tht,Unpolarized capacitor,,,,,,,,,,,
"C14, C15, C16, C17",4,1uF,C_Disc_D5.0mm_W2.5mm_P5.00mm,,,,tht,Unpolarized capacitor,,,,,,,,,,,
C18,1,20pf,C_Disc_D5.0mm_W2.5mm_P5.00mm,,,,tht,,,,,,,,,,,,
C20,1,100nf,C_Disc_D4.7mm_W2.5mm_P5.00mm,,,,tht,Unpolarized capacitor,,,,,,,,,,,
C7,1,100uF,CP_Radial_D6.3mm_P2.50mm,,,,tht,Polarized capacitor,,,,,,,,,,,
"D1, D2, D3, D6",4,SB140,D_DO-41_SOD81_P10.16mm_Horizontal,,,,tht,"40V 1A Schottky Barrier Rectifier Diode, DO-41",,,,,,,,,,,
D4,1,LED,LED_D5.0mm,,,,tht,Light emitting diode,1=K 2=A,,,,,,,,,,
DS1,1,WC1602A,WC1602A,,,,tht,"LCD 16x2 Alphanumeric , 8 bit parallel bus, 5V VDD",,,,,,,,,,,
FB1,1,FerriteBead,LairdTech_28C0236-0JW-10,,,,tht,Ferrite bead,,,,,,,,,,,
J1,1,Barrel_Jack_MountingPin,BarrelJack_Horizontal,,,,tht,DC Barrel Jack,,,,,,,,,,,
"J2, J3",2,6-5530843-5,TE_6-5530843-5,None,,,tht,,,6-5530843-5,TE Connectivity,"Standard Edge II Series,Female Edge Conn,Mount,31(Dual)Way,2 Row,2.54mm Pitch | TE Connectivity 6-5530843-5",None,https://www.snapeda.com/parts/6-5530843-5/TE+Connectivity+AMP+Connectors/view-part/?ref=eda,https://www.snapeda.com/parts/6-5530843-5/TE+Connectivity+AMP+Connectors/view-part/?ref=snap,6-5530843-5,Compliant,In Stock,TE
J4,1,DE9_Socket,DSUB-9_Socket_Horizontal_P2.77x2.84mm_EdgePinOffset7.70mm_Housed_MountingHolesOffset9.12mm,,,,tht,"9-pin D-SUB connector, socket (female)",,,,,,,,,,,
R1,1,1k,R_Axial_DIN0207_L6.3mm_D2.5mm_P15.24mm_Horizontal,,,,tht,Resistor,,,,,,,,,,,
"R2, R5",2,3.3k,R_Axial_DIN0207_L6.3mm_D2.5mm_P15.24mm_Horizontal,,,,tht,Resistor,,,,,,,,,,,
R3,1,500,R_Axial_DIN0207_L6.3mm_D2.5mm_P15.24mm_Horizontal,,,,tht,Resistor,,,,,,,,,,,
R4,1,1M,R_Axial_DIN0207_L6.3mm_D2.5mm_P15.24mm_Horizontal,,,,tht,Resistor,,,,,,,,,,,
R6,1,250,R_Axial_DIN0207_L6.3mm_D2.5mm_P10.16mm_Horizontal,,,,tht,Resistor,,,,,,,,,,,
RV1,1,R_Potentiometer,Potentiometer_Alps_RK09K_Single_Vertical,,,,tht,Potentiometer,,,,,,,,,,,
SW1,1,RESET,SW_PUSH_6mm_H5mm,,,,tht,"Push button switch, generic, two pins",,,,,,,,,,,
SW2,1,Power Switch,2MS6T1B3M2QES,,,,tht,Single Pole Single Throw (SPST) switch,,,,,,,,,,,
U1,1,W65C02SxP,DIP-40_W15.24mm_Socket_LongPads,,,,tht,"8-bit CMOS General Purpose Microprocessor, DIP-40",,,,,,,,,,,
U10,1,MAX232,DIP-16_W7.62mm_Socket_LongPads,,,,tht,"Dual RS232 driver/receiver, 5V supply, 120kb/s, 0C-70C",,,,,,,,,,,
U11,1,74LS00,DIP-14_W7.62mm_Socket_LongPads,,,,tht,quad 2-input NAND gate,,,,,,,,,,,
U2,1,KM62256CLP,DIP-28_W15.24mm_Socket_LongPads,,,,tht,"32Kx8 bit Low Power CMOS Static RAM, 55/70ns, DIP-28",,,,,,,,,,,
U3,1,28C256,DIP_Socket-28_W11.9_W12.7_W15.24_W17.78_W18.5_3M_228-1277-00-0602J,,,,tht,"Paged Parallel EEPROM 256Kb (32K x 8), DIP-28/SOIC-28",,,,,,,,,,,
"U4, U7",2,W65C22NxP,DIP-40_W15.24mm_Socket_LongPads,,,,tht,"CMOS Versatile Interface Adapter (VIA), 20-pin I/O, 2 Timer/Counters, NMOS-Compatible, DIP-40",,,,,,,,,,,
U5,1,74LS139,DIP-16_W7.62mm_Socket_LongPads,,,,tht,"Dual Decoder 1 of 4, Active low outputs",,,,,,,,,,,
U6,1,74LS21,DIP-14_W7.62mm_Socket_LongPads,,,,tht,Dual 4-input AND,,,,,,,,,,,
U8,1,W65C51NxP,DIP-28_W15.24mm_Socket_LongPads,,,,tht,"CMOS Asynchronous Communication Interface Adapter (ACIA), Serial UART, DIP-28",,,,,,,,,,,
U9,1,74LS138,DIP-16_W7.62mm_Socket_LongPads,,,,tht,Decoder 3 to 8 active low outputs,,,,,,,,,,,
Y1,1,1Mhz,Oscillator_DIP-14,,,,tht,"HCMOS Crystal Clock Oscillator, DIP14-style metal package",,,,,,,,,,,
Y2,1,1.8432Mhz,Crystal_HC49-U_Vertical,,,,tht,Two pin crystal,,,,,,,,,,,
